method,num_samples,run,iterations,area
latin_hypercube,10201,1,100,1.5371042054700519
latin_hypercube,10201,2,100,1.5935692579158907
latin_hypercube,10201,3,100,1.623370257817861
latin_hypercube,10201,4,100,1.516714047642388
latin_hypercube,10201,5,100,1.5841584158415842
latin_hypercube,10201,6,100,1.497892363493775
latin_hypercube,10201,7,100,1.5245564160376435
latin_hypercube,10201,8,100,1.4822076267032644
latin_hypercube,10201,9,100,1.6123909420645035
latin_hypercube,10201,10,100,1.5872953631996862
latin_hypercube,10201,11,100,1.5449465738653074
latin_hypercube,10201,12,100,1.4649544162337025
latin_hypercube,10201,13,100,1.5888638368787373
latin_hypercube,10201,14,100,1.516714047642388
latin_hypercube,10201,15,100,1.496323889814724
latin_hypercube,10201,16,100,1.5684736790510734
latin_hypercube,10201,17,100,1.5496519949024605
latin_hypercube,10201,18,100,1.5323987844328988
latin_hypercube,10201,19,100,1.5888638368787373
latin_hypercube,10201,20,100,1.5276933633957455
latin_hypercube,10201,21,100,1.516714047642388
latin_hypercube,10201,22,100,1.47593373198706
latin_hypercube,10201,23,100,1.5261248897166944
latin_hypercube,10201,24,100,1.538672679149103
latin_hypercube,10201,25,100,1.6092539947064013
latin_hypercube,10201,26,100,1.5731791000882267
latin_hypercube,10201,27,100,1.5653367316929714
latin_hypercube,10201,28,100,1.5841584158415842
latin_hypercube,10201,29,100,1.4806391530242133
latin_hypercube,10201,30,100,1.579452994804431
latin_hypercube,10201,31,100,1.6108224683854524
latin_hypercube,10201,32,100,1.5700421527301245
latin_hypercube,10201,33,100,1.5512204685815116
latin_hypercube,10201,34,100,1.5214194686795413
latin_hypercube,10201,35,100,1.5967062052739927
latin_hypercube,10201,36,100,1.5763160474463287
latin_hypercube,10201,37,100,1.5308303107538477
latin_hypercube,10201,38,100,1.5998431526320949
latin_hypercube,10201,39,100,1.5669052053720223
latin_hypercube,10201,40,100,1.5920007842368396
latin_hypercube,10201,41,100,1.540241152828154
latin_hypercube,10201,42,100,1.579452994804431
latin_hypercube,10201,43,100,1.5653367316929714
latin_hypercube,10201,44,100,1.62180178413881
latin_hypercube,10201,45,100,1.5276933633957455
latin_hypercube,10201,46,100,1.518282521321439
latin_hypercube,10201,47,100,1.5841584158415842
latin_hypercube,10201,48,100,1.5025977845309284
latin_hypercube,10201,49,100,1.5700421527301245
latin_hypercube,10201,50,100,1.5512204685815116
latin_hypercube,10201,51,100,1.6280756788550141
latin_hypercube,10201,52,100,1.5700421527301245
latin_hypercube,10201,53,100,1.5621997843348692
latin_hypercube,10201,54,100,1.493186942456622
latin_hypercube,10201,55,100,1.5465150475443583
latin_hypercube,10201,56,100,1.4790706793451622
latin_hypercube,10201,57,100,1.5323987844328988
latin_hypercube,10201,58,100,1.5621997843348692
latin_hypercube,10201,59,100,1.5276933633957455
latin_hypercube,10201,60,100,1.6139594157435546
latin_hypercube,10201,61,100,1.6155278894226057
latin_hypercube,10201,62,100,1.4633859425546516
latin_hypercube,10201,63,100,1.5120086266052348
latin_hypercube,10201,64,100,1.5747475737672778
latin_hypercube,10201,65,100,1.4916184687775709
latin_hypercube,10201,66,100,1.560631310655818
latin_hypercube,10201,67,100,1.5449465738653074
latin_hypercube,10201,68,100,1.5496519949024605
latin_hypercube,10201,69,100,1.5418096265072052
latin_hypercube,10201,70,100,1.5151455739633368
latin_hypercube,10201,71,100,1.53396725811195
latin_hypercube,10201,72,100,1.5747475737672778
latin_hypercube,10201,73,100,1.5778845211253798
latin_hypercube,10201,74,100,1.5543574159396139
latin_hypercube,10201,75,100,1.5496519949024605
latin_hypercube,10201,76,100,1.5308303107538477
latin_hypercube,10201,77,100,1.5888638368787373
latin_hypercube,10201,78,100,1.5229879423585924
latin_hypercube,10201,79,100,1.4665228899127536
latin_hypercube,10201,80,100,1.5496519949024605
latin_hypercube,10201,81,100,1.5308303107538477
latin_hypercube,10201,82,100,1.540241152828154
latin_hypercube,10201,83,100,1.5574943632977158
latin_hypercube,10201,84,100,1.602980099990197
latin_hypercube,10201,85,100,1.5637682580139203
latin_hypercube,10201,86,100,1.5025977845309284
latin_hypercube,10201,87,100,1.6139594157435546
latin_hypercube,10201,88,100,1.5214194686795413
latin_hypercube,10201,89,100,1.5951377315949418
latin_hypercube,10201,90,100,1.5229879423585924
latin_hypercube,10201,91,100,1.5527889422605627
latin_hypercube,10201,92,100,1.472796784628958
latin_hypercube,10201,93,100,1.5433781001862563
latin_hypercube,10201,94,100,1.6280756788550141
latin_hypercube,10201,95,100,1.5527889422605627
latin_hypercube,10201,96,100,1.5433781001862563
latin_hypercube,10201,97,100,1.5292618370747966
latin_hypercube,10201,98,100,1.5418096265072052
latin_hypercube,10201,99,100,1.5480835212234094
latin_hypercube,10201,100,100,1.5073032055680815
latin_hypercube,10201,1,200,1.5245564160376435
latin_hypercube,10201,2,200,1.5371042054700519
latin_hypercube,10201,3,200,1.5088716792471326
latin_hypercube,10201,4,200,1.450838153122243
latin_hypercube,10201,5,200,1.4539751004803452
latin_hypercube,10201,6,200,1.5025977845309284
latin_hypercube,10201,7,200,1.5763160474463287
latin_hypercube,10201,8,200,1.5480835212234094
latin_hypercube,10201,9,200,1.5073032055680815
latin_hypercube,10201,10,200,1.5731791000882267
latin_hypercube,10201,11,200,1.5120086266052348
latin_hypercube,10201,12,200,1.5323987844328988
latin_hypercube,10201,13,200,1.516714047642388
latin_hypercube,10201,14,200,1.4696598372708558
latin_hypercube,10201,15,200,1.5543574159396139
latin_hypercube,10201,16,200,1.4806391530242133
latin_hypercube,10201,17,200,1.513577100284286
latin_hypercube,10201,18,200,1.4994608371728262
latin_hypercube,10201,19,200,1.5669052053720223
latin_hypercube,10201,20,200,1.5292618370747966
latin_hypercube,10201,21,200,1.5465150475443583
latin_hypercube,10201,22,200,1.4806391530242133
latin_hypercube,10201,23,200,1.516714047642388
latin_hypercube,10201,24,200,1.516714047642388
latin_hypercube,10201,25,200,1.5229879423585924
latin_hypercube,10201,26,200,1.5433781001862563
latin_hypercube,10201,27,200,1.581021468483482
latin_hypercube,10201,28,200,1.5371042054700519
latin_hypercube,10201,29,200,1.5198509950004901
latin_hypercube,10201,30,200,1.4916184687775709
latin_hypercube,10201,31,200,1.5010293108518773
latin_hypercube,10201,32,200,1.5088716792471326
latin_hypercube,10201,33,200,1.5261248897166944
latin_hypercube,10201,34,200,1.474365258308009
latin_hypercube,10201,35,200,1.493186942456622
latin_hypercube,10201,36,200,1.5559258896186647
latin_hypercube,10201,37,200,1.5621997843348692
latin_hypercube,10201,38,200,1.4947554161356729
latin_hypercube,10201,39,200,1.5700421527301245
latin_hypercube,10201,40,200,1.560631310655818
latin_hypercube,10201,41,200,1.5496519949024605
latin_hypercube,10201,42,200,1.5120086266052348
latin_hypercube,10201,43,200,1.5465150475443583
latin_hypercube,10201,44,200,1.6312126262131164
latin_hypercube,10201,45,200,1.4775022056661111
latin_hypercube,10201,46,200,1.4994608371728262
latin_hypercube,10201,47,200,1.5088716792471326
latin_hypercube,10201,48,200,1.5433781001862563
latin_hypercube,10201,49,200,1.516714047642388
latin_hypercube,10201,50,200,1.5496519949024605
latin_hypercube,10201,51,200,1.5198509950004901
latin_hypercube,10201,52,200,1.474365258308009
latin_hypercube,10201,53,200,1.5825899421625331
latin_hypercube,10201,54,200,1.5747475737672778
latin_hypercube,10201,55,200,1.516714047642388
latin_hypercube,10201,56,200,1.4665228899127536
latin_hypercube,10201,57,200,1.4226056268993237
latin_hypercube,10201,58,200,1.5323987844328988
latin_hypercube,10201,59,200,1.5292618370747966
latin_hypercube,10201,60,200,1.5245564160376435
latin_hypercube,10201,61,200,1.513577100284286
latin_hypercube,10201,62,200,1.581021468483482
latin_hypercube,10201,63,200,1.5449465738653074
latin_hypercube,10201,64,200,1.5198509950004901
latin_hypercube,10201,65,200,1.497892363493775
latin_hypercube,10201,66,200,1.4822076267032644
latin_hypercube,10201,67,200,1.5716106264091756
latin_hypercube,10201,68,200,1.5229879423585924
latin_hypercube,10201,69,200,1.513577100284286
latin_hypercube,10201,70,200,1.5543574159396139
latin_hypercube,10201,71,200,1.5559258896186647
latin_hypercube,10201,72,200,1.4837761003823156
latin_hypercube,10201,73,200,1.5778845211253798
latin_hypercube,10201,74,200,1.559062836976767
latin_hypercube,10201,75,200,1.516714047642388
latin_hypercube,10201,76,200,1.5229879423585924
latin_hypercube,10201,77,200,1.5276933633957455
latin_hypercube,10201,78,200,1.5151455739633368
latin_hypercube,10201,79,200,1.5151455739633368
latin_hypercube,10201,80,200,1.5480835212234094
latin_hypercube,10201,81,200,1.5700421527301245
latin_hypercube,10201,82,200,1.5151455739633368
latin_hypercube,10201,83,200,1.5292618370747966
latin_hypercube,10201,84,200,1.5716106264091756
latin_hypercube,10201,85,200,1.493186942456622
latin_hypercube,10201,86,200,1.5684736790510734
latin_hypercube,10201,87,200,1.4806391530242133
latin_hypercube,10201,88,200,1.5245564160376435
latin_hypercube,10201,89,200,1.5449465738653074
latin_hypercube,10201,90,200,1.4947554161356729
latin_hypercube,10201,91,200,1.5480835212234094
latin_hypercube,10201,92,200,1.559062836976767
latin_hypercube,10201,93,200,1.5763160474463287
latin_hypercube,10201,94,200,1.471228310949907
latin_hypercube,10201,95,200,1.5104401529261837
latin_hypercube,10201,96,200,1.496323889814724
latin_hypercube,10201,97,200,1.471228310949907
latin_hypercube,10201,98,200,1.4696598372708558
latin_hypercube,10201,99,200,1.513577100284286
latin_hypercube,10201,100,200,1.5543574159396139
latin_hypercube,10201,1,300,1.4586805215174983
latin_hypercube,10201,2,300,1.4806391530242133
latin_hypercube,10201,3,300,1.5418096265072052
latin_hypercube,10201,4,300,1.6092539947064013
latin_hypercube,10201,5,300,1.5653367316929714
latin_hypercube,10201,6,300,1.5496519949024605
latin_hypercube,10201,7,300,1.5057347318890304
latin_hypercube,10201,8,300,1.4335849426526812
latin_hypercube,10201,9,300,1.5433781001862563
latin_hypercube,10201,10,300,1.540241152828154
latin_hypercube,10201,11,300,1.516714047642388
latin_hypercube,10201,12,300,1.5418096265072052
latin_hypercube,10201,13,300,1.5104401529261837
latin_hypercube,10201,14,300,1.5496519949024605
latin_hypercube,10201,15,300,1.5559258896186647
latin_hypercube,10201,16,300,1.4822076267032644
latin_hypercube,10201,17,300,1.472796784628958
latin_hypercube,10201,18,300,1.4477012057641407
latin_hypercube,10201,19,300,1.4790706793451622
latin_hypercube,10201,20,300,1.5229879423585924
latin_hypercube,10201,21,300,1.5151455739633368
latin_hypercube,10201,22,300,1.5261248897166944
latin_hypercube,10201,23,300,1.5214194686795413
latin_hypercube,10201,24,300,1.5355357317910008
latin_hypercube,10201,25,300,1.4775022056661111
latin_hypercube,10201,26,300,1.5700421527301245
latin_hypercube,10201,27,300,1.5073032055680815
latin_hypercube,10201,28,300,1.5261248897166944
latin_hypercube,10201,29,300,1.4571120478384472
latin_hypercube,10201,30,300,1.4414273110479365
latin_hypercube,10201,31,300,1.4806391530242133
latin_hypercube,10201,32,300,1.5120086266052348
latin_hypercube,10201,33,300,1.5433781001862563
latin_hypercube,10201,34,300,1.5637682580139203
latin_hypercube,10201,35,300,1.5496519949024605
latin_hypercube,10201,36,300,1.496323889814724
latin_hypercube,10201,37,300,1.5308303107538477
latin_hypercube,10201,38,300,1.5527889422605627
latin_hypercube,10201,39,300,1.4665228899127536
latin_hypercube,10201,40,300,1.4680913635918047
latin_hypercube,10201,41,300,1.450838153122243
latin_hypercube,10201,42,300,1.5449465738653074
latin_hypercube,10201,43,300,1.5418096265072052
latin_hypercube,10201,44,300,1.5276933633957455
latin_hypercube,10201,45,300,1.493186942456622
latin_hypercube,10201,46,300,1.5543574159396139
latin_hypercube,10201,47,300,1.5543574159396139
latin_hypercube,10201,48,300,1.4884815214194687
latin_hypercube,10201,49,300,1.538672679149103
latin_hypercube,10201,50,300,1.559062836976767
latin_hypercube,10201,51,300,1.4633859425546516
latin_hypercube,10201,52,300,1.4790706793451622
latin_hypercube,10201,53,300,1.5198509950004901
latin_hypercube,10201,54,300,1.5276933633957455
latin_hypercube,10201,55,300,1.4602489951965494
latin_hypercube,10201,56,300,1.5433781001862563
latin_hypercube,10201,57,300,1.4602489951965494
latin_hypercube,10201,58,300,1.43201646897363
latin_hypercube,10201,59,300,1.5621997843348692
latin_hypercube,10201,60,300,1.5371042054700519
latin_hypercube,10201,61,300,1.4994608371728262
latin_hypercube,10201,62,300,1.5982746789530438
latin_hypercube,10201,63,300,1.4994608371728262
latin_hypercube,10201,64,300,1.4586805215174983
latin_hypercube,10201,65,300,1.4853445740613664
latin_hypercube,10201,66,300,1.5229879423585924
latin_hypercube,10201,67,300,1.5088716792471326
latin_hypercube,10201,68,300,1.5574943632977158
latin_hypercube,10201,69,300,1.5088716792471326
latin_hypercube,10201,70,300,1.513577100284286
latin_hypercube,10201,71,300,1.5214194686795413
latin_hypercube,10201,72,300,1.5229879423585924
latin_hypercube,10201,73,300,1.5229879423585924
latin_hypercube,10201,74,300,1.5637682580139203
latin_hypercube,10201,75,300,1.5574943632977158
latin_hypercube,10201,76,300,1.493186942456622
latin_hypercube,10201,77,300,1.5073032055680815
latin_hypercube,10201,78,300,1.5496519949024605
latin_hypercube,10201,79,300,1.5308303107538477
latin_hypercube,10201,80,300,1.5512204685815116
latin_hypercube,10201,81,300,1.5214194686795413
latin_hypercube,10201,82,300,1.5967062052739927
latin_hypercube,10201,83,300,1.5888638368787373
latin_hypercube,10201,84,300,1.4665228899127536
latin_hypercube,10201,85,300,1.5198509950004901
latin_hypercube,10201,86,300,1.497892363493775
latin_hypercube,10201,87,300,1.5418096265072052
latin_hypercube,10201,88,300,1.5465150475443583
latin_hypercube,10201,89,300,1.5073032055680815
latin_hypercube,10201,90,300,1.560631310655818
latin_hypercube,10201,91,300,1.5465150475443583
latin_hypercube,10201,92,300,1.496323889814724
latin_hypercube,10201,93,300,1.5418096265072052
latin_hypercube,10201,94,300,1.4539751004803452
latin_hypercube,10201,95,300,1.4790706793451622
latin_hypercube,10201,96,300,1.4947554161356729
latin_hypercube,10201,97,300,1.472796784628958
latin_hypercube,10201,98,300,1.4680913635918047
latin_hypercube,10201,99,300,1.581021468483482
latin_hypercube,10201,100,300,1.5214194686795413
latin_hypercube,10201,1,400,1.5261248897166944
latin_hypercube,10201,2,400,1.5731791000882267
latin_hypercube,10201,3,400,1.47593373198706
latin_hypercube,10201,4,400,1.53396725811195
latin_hypercube,10201,5,400,1.47593373198706
latin_hypercube,10201,6,400,1.5857268895206353
latin_hypercube,10201,7,400,1.516714047642388
latin_hypercube,10201,8,400,1.5669052053720223
latin_hypercube,10201,9,400,1.5214194686795413
latin_hypercube,10201,10,400,1.5073032055680815
latin_hypercube,10201,11,400,1.581021468483482
latin_hypercube,10201,12,400,1.516714047642388
latin_hypercube,10201,13,400,1.5088716792471326
latin_hypercube,10201,14,400,1.5496519949024605
latin_hypercube,10201,15,400,1.559062836976767
latin_hypercube,10201,16,400,1.5480835212234094
latin_hypercube,10201,17,400,1.5073032055680815
latin_hypercube,10201,18,400,1.5433781001862563
latin_hypercube,10201,19,400,1.5574943632977158
latin_hypercube,10201,20,400,1.4947554161356729
latin_hypercube,10201,21,400,1.5371042054700519
latin_hypercube,10201,22,400,1.518282521321439
latin_hypercube,10201,23,400,1.471228310949907
latin_hypercube,10201,24,400,1.5276933633957455
latin_hypercube,10201,25,400,1.474365258308009
latin_hypercube,10201,26,400,1.5935692579158907
latin_hypercube,10201,27,400,1.435153416331732
latin_hypercube,10201,28,400,1.4947554161356729
latin_hypercube,10201,29,400,1.4900499950985198
latin_hypercube,10201,30,400,1.5904323105577884
latin_hypercube,10201,31,400,1.579452994804431
latin_hypercube,10201,32,400,1.497892363493775
latin_hypercube,10201,33,400,1.5057347318890304
latin_hypercube,10201,34,400,1.4539751004803452
latin_hypercube,10201,35,400,1.4618174688756005
latin_hypercube,10201,36,400,1.4822076267032644
latin_hypercube,10201,37,400,1.5025977845309284
latin_hypercube,10201,38,400,1.5825899421625331
latin_hypercube,10201,39,400,1.5041662582099795
latin_hypercube,10201,40,400,1.53396725811195
latin_hypercube,10201,41,400,1.5214194686795413
latin_hypercube,10201,42,400,1.5418096265072052
latin_hypercube,10201,43,400,1.4947554161356729
latin_hypercube,10201,44,400,1.5245564160376435
latin_hypercube,10201,45,400,1.579452994804431
latin_hypercube,10201,46,400,1.518282521321439
latin_hypercube,10201,47,400,1.5214194686795413
latin_hypercube,10201,48,400,1.5480835212234094
latin_hypercube,10201,49,400,1.5480835212234094
latin_hypercube,10201,50,400,1.5449465738653074
latin_hypercube,10201,51,400,1.5261248897166944
latin_hypercube,10201,52,400,1.5716106264091756
latin_hypercube,10201,53,400,1.5198509950004901
latin_hypercube,10201,54,400,1.540241152828154
latin_hypercube,10201,55,400,1.5010293108518773
latin_hypercube,10201,56,400,1.455543574159396
latin_hypercube,10201,57,400,1.5433781001862563
latin_hypercube,10201,58,400,1.540241152828154
latin_hypercube,10201,59,400,1.5245564160376435
latin_hypercube,10201,60,400,1.5198509950004901
latin_hypercube,10201,61,400,1.5308303107538477
latin_hypercube,10201,62,400,1.518282521321439
latin_hypercube,10201,63,400,1.4586805215174983
latin_hypercube,10201,64,400,1.4696598372708558
latin_hypercube,10201,65,400,1.5700421527301245
latin_hypercube,10201,66,400,1.5120086266052348
latin_hypercube,10201,67,400,1.5527889422605627
latin_hypercube,10201,68,400,1.5214194686795413
latin_hypercube,10201,69,400,1.518282521321439
latin_hypercube,10201,70,400,1.5371042054700519
latin_hypercube,10201,71,400,1.5920007842368396
latin_hypercube,10201,72,400,1.4900499950985198
latin_hypercube,10201,73,400,1.5371042054700519
latin_hypercube,10201,74,400,1.496323889814724
latin_hypercube,10201,75,400,1.4680913635918047
latin_hypercube,10201,76,400,1.5323987844328988
latin_hypercube,10201,77,400,1.4822076267032644
latin_hypercube,10201,78,400,1.5010293108518773
latin_hypercube,10201,79,400,1.5308303107538477
latin_hypercube,10201,80,400,1.6045485736692482
latin_hypercube,10201,81,400,1.5229879423585924
latin_hypercube,10201,82,400,1.516714047642388
latin_hypercube,10201,83,400,1.5527889422605627
latin_hypercube,10201,84,400,1.5418096265072052
latin_hypercube,10201,85,400,1.5261248897166944
latin_hypercube,10201,86,400,1.4994608371728262
latin_hypercube,10201,87,400,1.5041662582099795
latin_hypercube,10201,88,400,1.5229879423585924
latin_hypercube,10201,89,400,1.4806391530242133
latin_hypercube,10201,90,400,1.5073032055680815
latin_hypercube,10201,91,400,1.5825899421625331
latin_hypercube,10201,92,400,1.5669052053720223
latin_hypercube,10201,93,400,1.4884815214194687
latin_hypercube,10201,94,400,1.5841584158415842
latin_hypercube,10201,95,400,1.5229879423585924
latin_hypercube,10201,96,400,1.455543574159396
latin_hypercube,10201,97,400,1.474365258308009
latin_hypercube,10201,98,400,1.5496519949024605
latin_hypercube,10201,99,400,1.5731791000882267
latin_hypercube,10201,100,400,1.5543574159396139
latin_hypercube,10201,1,500,1.5292618370747966
latin_hypercube,10201,2,500,1.5308303107538477
latin_hypercube,10201,3,500,1.5151455739633368
latin_hypercube,10201,4,500,1.5308303107538477
latin_hypercube,10201,5,500,1.5214194686795413
latin_hypercube,10201,6,500,1.5261248897166944
latin_hypercube,10201,7,500,1.4837761003823156
latin_hypercube,10201,8,500,1.5088716792471326
latin_hypercube,10201,9,500,1.471228310949907
latin_hypercube,10201,10,500,1.455543574159396
latin_hypercube,10201,11,500,1.513577100284286
latin_hypercube,10201,12,500,1.4696598372708558
latin_hypercube,10201,13,500,1.493186942456622
latin_hypercube,10201,14,500,1.5574943632977158
latin_hypercube,10201,15,500,1.579452994804431
latin_hypercube,10201,16,500,1.5120086266052348
latin_hypercube,10201,17,500,1.4602489951965494
latin_hypercube,10201,18,500,1.5951377315949418
latin_hypercube,10201,19,500,1.497892363493775
latin_hypercube,10201,20,500,1.496323889814724
latin_hypercube,10201,21,500,1.5261248897166944
latin_hypercube,10201,22,500,1.435153416331732
latin_hypercube,10201,23,500,1.5323987844328988
latin_hypercube,10201,24,500,1.5025977845309284
latin_hypercube,10201,25,500,1.5418096265072052
latin_hypercube,10201,26,500,1.4571120478384472
latin_hypercube,10201,27,500,1.5041662582099795
latin_hypercube,10201,28,500,1.4822076267032644
latin_hypercube,10201,29,500,1.5245564160376435
latin_hypercube,10201,30,500,1.4429957847269876
latin_hypercube,10201,31,500,1.5292618370747966
latin_hypercube,10201,32,500,1.4775022056661111
latin_hypercube,10201,33,500,1.5057347318890304
latin_hypercube,10201,34,500,1.5057347318890304
latin_hypercube,10201,35,500,1.540241152828154
latin_hypercube,10201,36,500,1.53396725811195
latin_hypercube,10201,37,500,1.5778845211253798
latin_hypercube,10201,38,500,1.5449465738653074
latin_hypercube,10201,39,500,1.5025977845309284
latin_hypercube,10201,40,500,1.5308303107538477
latin_hypercube,10201,41,500,1.4806391530242133
latin_hypercube,10201,42,500,1.4994608371728262
latin_hypercube,10201,43,500,1.4916184687775709
latin_hypercube,10201,44,500,1.5465150475443583
latin_hypercube,10201,45,500,1.4994608371728262
latin_hypercube,10201,46,500,1.5465150475443583
latin_hypercube,10201,47,500,1.5261248897166944
latin_hypercube,10201,48,500,1.5559258896186647
latin_hypercube,10201,49,500,1.4994608371728262
latin_hypercube,10201,50,500,1.4147632585040681
latin_hypercube,10201,51,500,1.5323987844328988
latin_hypercube,10201,52,500,1.513577100284286
latin_hypercube,10201,53,500,1.5449465738653074
latin_hypercube,10201,54,500,1.5904323105577884
latin_hypercube,10201,55,500,1.5465150475443583
latin_hypercube,10201,56,500,1.5104401529261837
latin_hypercube,10201,57,500,1.5292618370747966
latin_hypercube,10201,58,500,1.4869130477404175
latin_hypercube,10201,59,500,1.4884815214194687
latin_hypercube,10201,60,500,1.5449465738653074
latin_hypercube,10201,61,500,1.5433781001862563
latin_hypercube,10201,62,500,1.4680913635918047
latin_hypercube,10201,63,500,1.5198509950004901
latin_hypercube,10201,64,500,1.606117047348299
latin_hypercube,10201,65,500,1.4900499950985198
latin_hypercube,10201,66,500,1.5371042054700519
latin_hypercube,10201,67,500,1.53396725811195
latin_hypercube,10201,68,500,1.5088716792471326
latin_hypercube,10201,69,500,1.5323987844328988
latin_hypercube,10201,70,500,1.4775022056661111
latin_hypercube,10201,71,500,1.5308303107538477
latin_hypercube,10201,72,500,1.5010293108518773
latin_hypercube,10201,73,500,1.4947554161356729
latin_hypercube,10201,74,500,1.5120086266052348
latin_hypercube,10201,75,500,1.5449465738653074
latin_hypercube,10201,76,500,1.5151455739633368
latin_hypercube,10201,77,500,1.5621997843348692
latin_hypercube,10201,78,500,1.5073032055680815
latin_hypercube,10201,79,500,1.5355357317910008
latin_hypercube,10201,80,500,1.4884815214194687
latin_hypercube,10201,81,500,1.5041662582099795
latin_hypercube,10201,82,500,1.5088716792471326
latin_hypercube,10201,83,500,1.5198509950004901
latin_hypercube,10201,84,500,1.5465150475443583
latin_hypercube,10201,85,500,1.516714047642388
latin_hypercube,10201,86,500,1.455543574159396
latin_hypercube,10201,87,500,1.4633859425546516
latin_hypercube,10201,88,500,1.4822076267032644
latin_hypercube,10201,89,500,1.559062836976767
latin_hypercube,10201,90,500,1.5104401529261837
latin_hypercube,10201,91,500,1.5559258896186647
latin_hypercube,10201,92,500,1.4884815214194687
latin_hypercube,10201,93,500,1.5261248897166944
latin_hypercube,10201,94,500,1.5229879423585924
latin_hypercube,10201,95,500,1.5323987844328988
latin_hypercube,10201,96,500,1.5433781001862563
latin_hypercube,10201,97,500,1.497892363493775
latin_hypercube,10201,98,500,1.497892363493775
latin_hypercube,10201,99,500,1.5010293108518773
latin_hypercube,10201,100,500,1.5057347318890304
latin_hypercube,10201,1,600,1.5088716792471326
latin_hypercube,10201,2,600,1.518282521321439
latin_hypercube,10201,3,600,1.5198509950004901
latin_hypercube,10201,4,600,1.5198509950004901
latin_hypercube,10201,5,600,1.5276933633957455
latin_hypercube,10201,6,600,1.4790706793451622
latin_hypercube,10201,7,600,1.4994608371728262
latin_hypercube,10201,8,600,1.4947554161356729
latin_hypercube,10201,9,600,1.538672679149103
latin_hypercube,10201,10,600,1.5010293108518773
latin_hypercube,10201,11,600,1.474365258308009
latin_hypercube,10201,12,600,1.5323987844328988
latin_hypercube,10201,13,600,1.5057347318890304
latin_hypercube,10201,14,600,1.5323987844328988
latin_hypercube,10201,15,600,1.4696598372708558
latin_hypercube,10201,16,600,1.5355357317910008
latin_hypercube,10201,17,600,1.493186942456622
latin_hypercube,10201,18,600,1.4602489951965494
latin_hypercube,10201,19,600,1.5104401529261837
latin_hypercube,10201,20,600,1.474365258308009
latin_hypercube,10201,21,600,1.5292618370747966
latin_hypercube,10201,22,600,1.5025977845309284
latin_hypercube,10201,23,600,1.538672679149103
latin_hypercube,10201,24,600,1.4790706793451622
latin_hypercube,10201,25,600,1.5025977845309284
latin_hypercube,10201,26,600,1.540241152828154
latin_hypercube,10201,27,600,1.516714047642388
latin_hypercube,10201,28,600,1.560631310655818
latin_hypercube,10201,29,600,1.5041662582099795
latin_hypercube,10201,30,600,1.4837761003823156
latin_hypercube,10201,31,600,1.4571120478384472
latin_hypercube,10201,32,600,1.4869130477404175
latin_hypercube,10201,33,600,1.4822076267032644
latin_hypercube,10201,34,600,1.5872953631996862
latin_hypercube,10201,35,600,1.5512204685815116
latin_hypercube,10201,36,600,1.5355357317910008
latin_hypercube,10201,37,600,1.4869130477404175
latin_hypercube,10201,38,600,1.4994608371728262
latin_hypercube,10201,39,600,1.5041662582099795
latin_hypercube,10201,40,600,1.5480835212234094
latin_hypercube,10201,41,600,1.5073032055680815
latin_hypercube,10201,42,600,1.47593373198706
latin_hypercube,10201,43,600,1.5245564160376435
latin_hypercube,10201,44,600,1.5073032055680815
latin_hypercube,10201,45,600,1.5433781001862563
latin_hypercube,10201,46,600,1.4900499950985198
latin_hypercube,10201,47,600,1.5261248897166944
latin_hypercube,10201,48,600,1.5323987844328988
latin_hypercube,10201,49,600,1.4900499950985198
latin_hypercube,10201,50,600,1.5057347318890304
latin_hypercube,10201,51,600,1.4665228899127536
latin_hypercube,10201,52,600,1.497892363493775
latin_hypercube,10201,53,600,1.5214194686795413
latin_hypercube,10201,54,600,1.4696598372708558
latin_hypercube,10201,55,600,1.4633859425546516
latin_hypercube,10201,56,600,1.4775022056661111
latin_hypercube,10201,57,600,1.4649544162337025
latin_hypercube,10201,58,600,1.5073032055680815
latin_hypercube,10201,59,600,1.5292618370747966
latin_hypercube,10201,60,600,1.5465150475443583
latin_hypercube,10201,61,600,1.4649544162337025
latin_hypercube,10201,62,600,1.5731791000882267
latin_hypercube,10201,63,600,1.4947554161356729
latin_hypercube,10201,64,600,1.518282521321439
latin_hypercube,10201,65,600,1.5120086266052348
latin_hypercube,10201,66,600,1.518282521321439
latin_hypercube,10201,67,600,1.5371042054700519
latin_hypercube,10201,68,600,1.4335849426526812
latin_hypercube,10201,69,600,1.4602489951965494
latin_hypercube,10201,70,600,1.4900499950985198
latin_hypercube,10201,71,600,1.493186942456622
latin_hypercube,10201,72,600,1.5073032055680815
latin_hypercube,10201,73,600,1.5512204685815116
latin_hypercube,10201,74,600,1.5496519949024605
latin_hypercube,10201,75,600,1.4665228899127536
latin_hypercube,10201,76,600,1.5371042054700519
latin_hypercube,10201,77,600,1.496323889814724
latin_hypercube,10201,78,600,1.5198509950004901
latin_hypercube,10201,79,600,1.5229879423585924
latin_hypercube,10201,80,600,1.4947554161356729
latin_hypercube,10201,81,600,1.5057347318890304
latin_hypercube,10201,82,600,1.4884815214194687
latin_hypercube,10201,83,600,1.5308303107538477
latin_hypercube,10201,84,600,1.4822076267032644
latin_hypercube,10201,85,600,1.4994608371728262
latin_hypercube,10201,86,600,1.493186942456622
latin_hypercube,10201,87,600,1.5104401529261837
latin_hypercube,10201,88,600,1.5371042054700519
latin_hypercube,10201,89,600,1.5104401529261837
latin_hypercube,10201,90,600,1.5418096265072052
latin_hypercube,10201,91,600,1.450838153122243
latin_hypercube,10201,92,600,1.5323987844328988
latin_hypercube,10201,93,600,1.518282521321439
latin_hypercube,10201,94,600,1.5245564160376435
latin_hypercube,10201,95,600,1.4539751004803452
latin_hypercube,10201,96,600,1.5010293108518773
latin_hypercube,10201,97,600,1.6139594157435546
latin_hypercube,10201,98,600,1.5559258896186647
latin_hypercube,10201,99,600,1.53396725811195
latin_hypercube,10201,100,600,1.5433781001862563
latin_hypercube,10201,1,700,1.47593373198706
latin_hypercube,10201,2,700,1.4947554161356729
latin_hypercube,10201,3,700,1.5308303107538477
latin_hypercube,10201,4,700,1.4633859425546516
latin_hypercube,10201,5,700,1.4398588373688854
latin_hypercube,10201,6,700,1.5700421527301245
latin_hypercube,10201,7,700,1.450838153122243
latin_hypercube,10201,8,700,1.5151455739633368
latin_hypercube,10201,9,700,1.4900499950985198
latin_hypercube,10201,10,700,1.4916184687775709
latin_hypercube,10201,11,700,1.5621997843348692
latin_hypercube,10201,12,700,1.5057347318890304
latin_hypercube,10201,13,700,1.4853445740613664
latin_hypercube,10201,14,700,1.455543574159396
latin_hypercube,10201,15,700,1.4947554161356729
latin_hypercube,10201,16,700,1.53396725811195
latin_hypercube,10201,17,700,1.5276933633957455
latin_hypercube,10201,18,700,1.4633859425546516
latin_hypercube,10201,19,700,1.5276933633957455
latin_hypercube,10201,20,700,1.4775022056661111
latin_hypercube,10201,21,700,1.5465150475443583
latin_hypercube,10201,22,700,1.4900499950985198
latin_hypercube,10201,23,700,1.496323889814724
latin_hypercube,10201,24,700,1.5496519949024605
latin_hypercube,10201,25,700,1.5716106264091756
latin_hypercube,10201,26,700,1.4994608371728262
latin_hypercube,10201,27,700,1.5669052053720223
latin_hypercube,10201,28,700,1.5841584158415842
latin_hypercube,10201,29,700,1.497892363493775
latin_hypercube,10201,30,700,1.5276933633957455
latin_hypercube,10201,31,700,1.4633859425546516
latin_hypercube,10201,32,700,1.5465150475443583
latin_hypercube,10201,33,700,1.4916184687775709
latin_hypercube,10201,34,700,1.496323889814724
latin_hypercube,10201,35,700,1.5073032055680815
latin_hypercube,10201,36,700,1.5057347318890304
latin_hypercube,10201,37,700,1.5998431526320949
latin_hypercube,10201,38,700,1.5763160474463287
latin_hypercube,10201,39,700,1.5920007842368396
latin_hypercube,10201,40,700,1.496323889814724
latin_hypercube,10201,41,700,1.496323889814724
latin_hypercube,10201,42,700,1.5684736790510734
latin_hypercube,10201,43,700,1.5261248897166944
latin_hypercube,10201,44,700,1.4680913635918047
latin_hypercube,10201,45,700,1.496323889814724
latin_hypercube,10201,46,700,1.4477012057641407
latin_hypercube,10201,47,700,1.497892363493775
latin_hypercube,10201,48,700,1.513577100284286
latin_hypercube,10201,49,700,1.5104401529261837
latin_hypercube,10201,50,700,1.5669052053720223
latin_hypercube,10201,51,700,1.493186942456622
latin_hypercube,10201,52,700,1.5010293108518773
latin_hypercube,10201,53,700,1.6076855210273502
latin_hypercube,10201,54,700,1.4947554161356729
latin_hypercube,10201,55,700,1.4414273110479365
latin_hypercube,10201,56,700,1.5465150475443583
latin_hypercube,10201,57,700,1.5574943632977158
latin_hypercube,10201,58,700,1.513577100284286
latin_hypercube,10201,59,700,1.5245564160376435
latin_hypercube,10201,60,700,1.5245564160376435
latin_hypercube,10201,61,700,1.5151455739633368
latin_hypercube,10201,62,700,1.4884815214194687
latin_hypercube,10201,63,700,1.5120086266052348
latin_hypercube,10201,64,700,1.5214194686795413
latin_hypercube,10201,65,700,1.5120086266052348
latin_hypercube,10201,66,700,1.5292618370747966
latin_hypercube,10201,67,700,1.472796784628958
latin_hypercube,10201,68,700,1.6108224683854524
latin_hypercube,10201,69,700,1.5198509950004901
latin_hypercube,10201,70,700,1.4947554161356729
latin_hypercube,10201,71,700,1.5904323105577884
latin_hypercube,10201,72,700,1.4633859425546516
latin_hypercube,10201,73,700,1.493186942456622
latin_hypercube,10201,74,700,1.5214194686795413
latin_hypercube,10201,75,700,1.472796784628958
latin_hypercube,10201,76,700,1.5527889422605627
latin_hypercube,10201,77,700,1.5292618370747966
latin_hypercube,10201,78,700,1.5465150475443583
latin_hypercube,10201,79,700,1.5245564160376435
latin_hypercube,10201,80,700,1.5214194686795413
latin_hypercube,10201,81,700,1.4900499950985198
latin_hypercube,10201,82,700,1.5480835212234094
latin_hypercube,10201,83,700,1.5747475737672778
latin_hypercube,10201,84,700,1.4947554161356729
latin_hypercube,10201,85,700,1.4900499950985198
latin_hypercube,10201,86,700,1.4822076267032644
latin_hypercube,10201,87,700,1.4790706793451622
latin_hypercube,10201,88,700,1.5198509950004901
latin_hypercube,10201,89,700,1.5229879423585924
latin_hypercube,10201,90,700,1.4492696794431918
latin_hypercube,10201,91,700,1.5355357317910008
latin_hypercube,10201,92,700,1.5355357317910008
latin_hypercube,10201,93,700,1.513577100284286
latin_hypercube,10201,94,700,1.4994608371728262
latin_hypercube,10201,95,700,1.4916184687775709
latin_hypercube,10201,96,700,1.4869130477404175
latin_hypercube,10201,97,700,1.472796784628958
latin_hypercube,10201,98,700,1.5229879423585924
latin_hypercube,10201,99,700,1.601411626311146
latin_hypercube,10201,100,700,1.5559258896186647
latin_hypercube,10201,1,800,1.5496519949024605
latin_hypercube,10201,2,800,1.5041662582099795
latin_hypercube,10201,3,800,1.4618174688756005
latin_hypercube,10201,4,800,1.518282521321439
latin_hypercube,10201,5,800,1.53396725811195
latin_hypercube,10201,6,800,1.47593373198706
latin_hypercube,10201,7,800,1.540241152828154
latin_hypercube,10201,8,800,1.4414273110479365
latin_hypercube,10201,9,800,1.5088716792471326
latin_hypercube,10201,10,800,1.4665228899127536
latin_hypercube,10201,11,800,1.5669052053720223
latin_hypercube,10201,12,800,1.53396725811195
latin_hypercube,10201,13,800,1.5574943632977158
latin_hypercube,10201,14,800,1.53396725811195
latin_hypercube,10201,15,800,1.4884815214194687
latin_hypercube,10201,16,800,1.4994608371728262
latin_hypercube,10201,17,800,1.53396725811195
latin_hypercube,10201,18,800,1.5480835212234094
latin_hypercube,10201,19,800,1.474365258308009
latin_hypercube,10201,20,800,1.497892363493775
latin_hypercube,10201,21,800,1.513577100284286
latin_hypercube,10201,22,800,1.5120086266052348
latin_hypercube,10201,23,800,1.5465150475443583
latin_hypercube,10201,24,800,1.5418096265072052
latin_hypercube,10201,25,800,1.496323889814724
latin_hypercube,10201,26,800,1.4775022056661111
latin_hypercube,10201,27,800,1.493186942456622
latin_hypercube,10201,28,800,1.450838153122243
latin_hypercube,10201,29,800,1.5010293108518773
latin_hypercube,10201,30,800,1.516714047642388
latin_hypercube,10201,31,800,1.4461327320850896
latin_hypercube,10201,32,800,1.5371042054700519
latin_hypercube,10201,33,800,1.5010293108518773
latin_hypercube,10201,34,800,1.5637682580139203
latin_hypercube,10201,35,800,1.5041662582099795
latin_hypercube,10201,36,800,1.4696598372708558
latin_hypercube,10201,37,800,1.560631310655818
latin_hypercube,10201,38,800,1.455543574159396
latin_hypercube,10201,39,800,1.5543574159396139
latin_hypercube,10201,40,800,1.5151455739633368
latin_hypercube,10201,41,800,1.5088716792471326
latin_hypercube,10201,42,800,1.4680913635918047
latin_hypercube,10201,43,800,1.4916184687775709
latin_hypercube,10201,44,800,1.5480835212234094
latin_hypercube,10201,45,800,1.4618174688756005
latin_hypercube,10201,46,800,1.4947554161356729
latin_hypercube,10201,47,800,1.4994608371728262
latin_hypercube,10201,48,800,1.5418096265072052
latin_hypercube,10201,49,800,1.5120086266052348
latin_hypercube,10201,50,800,1.4869130477404175
latin_hypercube,10201,51,800,1.493186942456622
latin_hypercube,10201,52,800,1.5496519949024605
latin_hypercube,10201,53,800,1.4853445740613664
latin_hypercube,10201,54,800,1.5292618370747966
latin_hypercube,10201,55,800,1.5041662582099795
latin_hypercube,10201,56,800,1.5480835212234094
latin_hypercube,10201,57,800,1.5229879423585924
latin_hypercube,10201,58,800,1.4947554161356729
latin_hypercube,10201,59,800,1.474365258308009
latin_hypercube,10201,60,800,1.47593373198706
latin_hypercube,10201,61,800,1.5057347318890304
latin_hypercube,10201,62,800,1.5512204685815116
latin_hypercube,10201,63,800,1.513577100284286
latin_hypercube,10201,64,800,1.518282521321439
latin_hypercube,10201,65,800,1.5543574159396139
latin_hypercube,10201,66,800,1.53396725811195
latin_hypercube,10201,67,800,1.4947554161356729
latin_hypercube,10201,68,800,1.53396725811195
latin_hypercube,10201,69,800,1.47593373198706
latin_hypercube,10201,70,800,1.493186942456622
latin_hypercube,10201,71,800,1.4179002058621704
latin_hypercube,10201,72,800,1.5073032055680815
latin_hypercube,10201,73,800,1.4775022056661111
latin_hypercube,10201,74,800,1.5073032055680815
latin_hypercube,10201,75,800,1.5637682580139203
latin_hypercube,10201,76,800,1.5418096265072052
latin_hypercube,10201,77,800,1.5245564160376435
latin_hypercube,10201,78,800,1.5104401529261837
latin_hypercube,10201,79,800,1.5214194686795413
latin_hypercube,10201,80,800,1.5935692579158907
latin_hypercube,10201,81,800,1.4837761003823156
latin_hypercube,10201,82,800,1.4900499950985198
latin_hypercube,10201,83,800,1.455543574159396
latin_hypercube,10201,84,800,1.5041662582099795
latin_hypercube,10201,85,800,1.4900499950985198
latin_hypercube,10201,86,800,1.6249387314969121
latin_hypercube,10201,87,800,1.4539751004803452
latin_hypercube,10201,88,800,1.5418096265072052
latin_hypercube,10201,89,800,1.5449465738653074
latin_hypercube,10201,90,800,1.4790706793451622
latin_hypercube,10201,91,800,1.5308303107538477
latin_hypercube,10201,92,800,1.4994608371728262
latin_hypercube,10201,93,800,1.496323889814724
latin_hypercube,10201,94,800,1.5323987844328988
latin_hypercube,10201,95,800,1.4806391530242133
latin_hypercube,10201,96,800,1.5637682580139203
latin_hypercube,10201,97,800,1.5151455739633368
latin_hypercube,10201,98,800,1.5323987844328988
latin_hypercube,10201,99,800,1.4775022056661111
latin_hypercube,10201,100,800,1.4916184687775709
latin_hypercube,10201,1,900,1.53396725811195
latin_hypercube,10201,2,900,1.4665228899127536
latin_hypercube,10201,3,900,1.4947554161356729
latin_hypercube,10201,4,900,1.4335849426526812
latin_hypercube,10201,5,900,1.4806391530242133
latin_hypercube,10201,6,900,1.4633859425546516
latin_hypercube,10201,7,900,1.4822076267032644
latin_hypercube,10201,8,900,1.5841584158415842
latin_hypercube,10201,9,900,1.4822076267032644
latin_hypercube,10201,10,900,1.579452994804431
latin_hypercube,10201,11,900,1.5104401529261837
latin_hypercube,10201,12,900,1.4884815214194687
latin_hypercube,10201,13,900,1.5355357317910008
latin_hypercube,10201,14,900,1.5308303107538477
latin_hypercube,10201,15,900,1.5120086266052348
latin_hypercube,10201,16,900,1.5261248897166944
latin_hypercube,10201,17,900,1.4869130477404175
latin_hypercube,10201,18,900,1.4633859425546516
latin_hypercube,10201,19,900,1.5716106264091756
latin_hypercube,10201,20,900,1.474365258308009
latin_hypercube,10201,21,900,1.4900499950985198
latin_hypercube,10201,22,900,1.5653367316929714
latin_hypercube,10201,23,900,1.4994608371728262
latin_hypercube,10201,24,900,1.5449465738653074
latin_hypercube,10201,25,900,1.5543574159396139
latin_hypercube,10201,26,900,1.5559258896186647
latin_hypercube,10201,27,900,1.5261248897166944
latin_hypercube,10201,28,900,1.5496519949024605
latin_hypercube,10201,29,900,1.4916184687775709
latin_hypercube,10201,30,900,1.497892363493775
latin_hypercube,10201,31,900,1.497892363493775
latin_hypercube,10201,32,900,1.4916184687775709
latin_hypercube,10201,33,900,1.5120086266052348
latin_hypercube,10201,34,900,1.4602489951965494
latin_hypercube,10201,35,900,1.5276933633957455
latin_hypercube,10201,36,900,1.5669052053720223
latin_hypercube,10201,37,900,1.5276933633957455
latin_hypercube,10201,38,900,1.4382903636898343
latin_hypercube,10201,39,900,1.5104401529261837
latin_hypercube,10201,40,900,1.4790706793451622
latin_hypercube,10201,41,900,1.5669052053720223
latin_hypercube,10201,42,900,1.53396725811195
latin_hypercube,10201,43,900,1.5276933633957455
latin_hypercube,10201,44,900,1.5716106264091756
latin_hypercube,10201,45,900,1.5041662582099795
latin_hypercube,10201,46,900,1.4633859425546516
latin_hypercube,10201,47,900,1.4680913635918047
latin_hypercube,10201,48,900,1.5669052053720223
latin_hypercube,10201,49,900,1.5041662582099795
latin_hypercube,10201,50,900,1.513577100284286
latin_hypercube,10201,51,900,1.5229879423585924
latin_hypercube,10201,52,900,1.5151455739633368
latin_hypercube,10201,53,900,1.474365258308009
latin_hypercube,10201,54,900,1.4790706793451622
latin_hypercube,10201,55,900,1.518282521321439
latin_hypercube,10201,56,900,1.513577100284286
latin_hypercube,10201,57,900,1.5073032055680815
latin_hypercube,10201,58,900,1.5041662582099795
latin_hypercube,10201,59,900,1.4994608371728262
latin_hypercube,10201,60,900,1.4994608371728262
latin_hypercube,10201,61,900,1.4900499950985198
latin_hypercube,10201,62,900,1.4665228899127536
latin_hypercube,10201,63,900,1.4916184687775709
latin_hypercube,10201,64,900,1.5621997843348692
latin_hypercube,10201,65,900,1.5308303107538477
latin_hypercube,10201,66,900,1.4806391530242133
latin_hypercube,10201,67,900,1.472796784628958
latin_hypercube,10201,68,900,1.5229879423585924
latin_hypercube,10201,69,900,1.538672679149103
latin_hypercube,10201,70,900,1.5308303107538477
latin_hypercube,10201,71,900,1.4775022056661111
latin_hypercube,10201,72,900,1.5480835212234094
latin_hypercube,10201,73,900,1.5465150475443583
latin_hypercube,10201,74,900,1.5355357317910008
latin_hypercube,10201,75,900,1.4775022056661111
latin_hypercube,10201,76,900,1.472796784628958
latin_hypercube,10201,77,900,1.4775022056661111
latin_hypercube,10201,78,900,1.5276933633957455
latin_hypercube,10201,79,900,1.518282521321439
latin_hypercube,10201,80,900,1.5025977845309284
latin_hypercube,10201,81,900,1.5198509950004901
latin_hypercube,10201,82,900,1.497892363493775
latin_hypercube,10201,83,900,1.4806391530242133
latin_hypercube,10201,84,900,1.5010293108518773
latin_hypercube,10201,85,900,1.5057347318890304
latin_hypercube,10201,86,900,1.626507205175963
latin_hypercube,10201,87,900,1.4696598372708558
latin_hypercube,10201,88,900,1.5308303107538477
latin_hypercube,10201,89,900,1.4822076267032644
latin_hypercube,10201,90,900,1.474365258308009
latin_hypercube,10201,91,900,1.5653367316929714
latin_hypercube,10201,92,900,1.4994608371728262
latin_hypercube,10201,93,900,1.5512204685815116
latin_hypercube,10201,94,900,1.4790706793451622
latin_hypercube,10201,95,900,1.513577100284286
latin_hypercube,10201,96,900,1.4822076267032644
latin_hypercube,10201,97,900,1.4853445740613664
latin_hypercube,10201,98,900,1.452406626801294
latin_hypercube,10201,99,900,1.450838153122243
latin_hypercube,10201,100,900,1.4665228899127536
latin_hypercube,10201,1,1000,1.4069208901088128
latin_hypercube,10201,2,1000,1.5449465738653074
latin_hypercube,10201,3,1000,1.5057347318890304
latin_hypercube,10201,4,1000,1.5010293108518773
latin_hypercube,10201,5,1000,1.472796784628958
latin_hypercube,10201,6,1000,1.5355357317910008
latin_hypercube,10201,7,1000,1.5292618370747966
latin_hypercube,10201,8,1000,1.4822076267032644
latin_hypercube,10201,9,1000,1.4869130477404175
latin_hypercube,10201,10,1000,1.4680913635918047
latin_hypercube,10201,11,1000,1.4994608371728262
latin_hypercube,10201,12,1000,1.5292618370747966
latin_hypercube,10201,13,1000,1.4916184687775709
latin_hypercube,10201,14,1000,1.5088716792471326
latin_hypercube,10201,15,1000,1.4618174688756005
latin_hypercube,10201,16,1000,1.5449465738653074
latin_hypercube,10201,17,1000,1.4429957847269876
latin_hypercube,10201,18,1000,1.5323987844328988
latin_hypercube,10201,19,1000,1.5935692579158907
latin_hypercube,10201,20,1000,1.4649544162337025
latin_hypercube,10201,21,1000,1.518282521321439
latin_hypercube,10201,22,1000,1.5198509950004901
latin_hypercube,10201,23,1000,1.497892363493775
latin_hypercube,10201,24,1000,1.4586805215174983
latin_hypercube,10201,25,1000,1.497892363493775
latin_hypercube,10201,26,1000,1.518282521321439
latin_hypercube,10201,27,1000,1.5512204685815116
latin_hypercube,10201,28,1000,1.5245564160376435
latin_hypercube,10201,29,1000,1.5669052053720223
latin_hypercube,10201,30,1000,1.5073032055680815
latin_hypercube,10201,31,1000,1.5292618370747966
latin_hypercube,10201,32,1000,1.538672679149103
latin_hypercube,10201,33,1000,1.581021468483482
latin_hypercube,10201,34,1000,1.5088716792471326
latin_hypercube,10201,35,1000,1.5261248897166944
latin_hypercube,10201,36,1000,1.5371042054700519
latin_hypercube,10201,37,1000,1.5088716792471326
latin_hypercube,10201,38,1000,1.474365258308009
latin_hypercube,10201,39,1000,1.5355357317910008
latin_hypercube,10201,40,1000,1.5057347318890304
latin_hypercube,10201,41,1000,1.516714047642388
latin_hypercube,10201,42,1000,1.5261248897166944
latin_hypercube,10201,43,1000,1.5010293108518773
latin_hypercube,10201,44,1000,1.4853445740613664
latin_hypercube,10201,45,1000,1.471228310949907
latin_hypercube,10201,46,1000,1.5543574159396139
latin_hypercube,10201,47,1000,1.4806391530242133
latin_hypercube,10201,48,1000,1.5261248897166944
latin_hypercube,10201,49,1000,1.538672679149103
latin_hypercube,10201,50,1000,1.4994608371728262
latin_hypercube,10201,51,1000,1.5041662582099795
latin_hypercube,10201,52,1000,1.4602489951965494
latin_hypercube,10201,53,1000,1.4994608371728262
latin_hypercube,10201,54,1000,1.4916184687775709
latin_hypercube,10201,55,1000,1.5621997843348692
latin_hypercube,10201,56,1000,1.518282521321439
latin_hypercube,10201,57,1000,1.5276933633957455
latin_hypercube,10201,58,1000,1.493186942456622
latin_hypercube,10201,59,1000,1.5104401529261837
latin_hypercube,10201,60,1000,1.5292618370747966
latin_hypercube,10201,61,1000,1.455543574159396
latin_hypercube,10201,62,1000,1.5073032055680815
latin_hypercube,10201,63,1000,1.4586805215174983
latin_hypercube,10201,64,1000,1.540241152828154
latin_hypercube,10201,65,1000,1.5120086266052348
latin_hypercube,10201,66,1000,1.5543574159396139
latin_hypercube,10201,67,1000,1.47593373198706
latin_hypercube,10201,68,1000,1.5261248897166944
latin_hypercube,10201,69,1000,1.5245564160376435
latin_hypercube,10201,70,1000,1.474365258308009
latin_hypercube,10201,71,1000,1.5025977845309284
latin_hypercube,10201,72,1000,1.5496519949024605
latin_hypercube,10201,73,1000,1.4994608371728262
latin_hypercube,10201,74,1000,1.513577100284286
latin_hypercube,10201,75,1000,1.5120086266052348
latin_hypercube,10201,76,1000,1.5073032055680815
latin_hypercube,10201,77,1000,1.496323889814724
latin_hypercube,10201,78,1000,1.452406626801294
latin_hypercube,10201,79,1000,1.4618174688756005
latin_hypercube,10201,80,1000,1.5073032055680815
latin_hypercube,10201,81,1000,1.5527889422605627
latin_hypercube,10201,82,1000,1.4790706793451622
latin_hypercube,10201,83,1000,1.5496519949024605
latin_hypercube,10201,84,1000,1.4900499950985198
latin_hypercube,10201,85,1000,1.538672679149103
latin_hypercube,10201,86,1000,1.4586805215174983
latin_hypercube,10201,87,1000,1.518282521321439
latin_hypercube,10201,88,1000,1.5559258896186647
latin_hypercube,10201,89,1000,1.5825899421625331
latin_hypercube,10201,90,1000,1.581021468483482
latin_hypercube,10201,91,1000,1.601411626311146
latin_hypercube,10201,92,1000,1.4947554161356729
latin_hypercube,10201,93,1000,1.6186648367807077
latin_hypercube,10201,94,1000,1.493186942456622
latin_hypercube,10201,95,1000,1.4618174688756005
latin_hypercube,10201,96,1000,1.5104401529261837
latin_hypercube,10201,97,1000,1.4790706793451622
latin_hypercube,10201,98,1000,1.5057347318890304
latin_hypercube,10201,99,1000,1.5371042054700519
latin_hypercube,10201,100,1000,1.4994608371728262
